Round,Alpha,Beta,Gamma,AvgBid,MedianWait,AvgSize
1,0.4953,0.2958,0.2090,0.00006,1,17.03
2,0.6007,0.2407,0.1585,0.00470,1,15.56
3,0.4973,0.3932,0.1095,0.00005,7,16.38
4,0.3839,0.1873,0.4288,0.00006,1,78.75
5,0.3607,0.1287,0.5106,0.00552,1,74.93
6,0.2907,0.2715,0.4378,0.00006,6,76.31
7,0.3307,0.4981,0.1712,0.00547,7,17.52
