Round,Alpha,Beta,Gamma,AvgBid,MedianWait,AvgSize
1,0.6841,0.1409,0.1749,0.00006,1,17.03
2,0.6844,0.1422,0.1734,0.00470,1,15.56
3,0.4172,0.4833,0.0994,0.00005,7,16.38
4,0.4453,0.1093,0.4454,0.00006,1,78.75
5,0.4533,0.0821,0.4647,0.00552,1,74.93
6,0.3597,0.3103,0.3300,0.00006,6,76.31
7,0.4164,0.4720,0.1116,0.00547,7,17.52
