Round,Alpha,Beta,Gamma,AvgBid,MedianWait,AvgSize
1,0.5166,0.2328,0.2506,0.00006,1,17.03
2,0.5858,0.1955,0.2186,0.00470,1,15.56
3,0.4758,0.3779,0.1463,0.00005,7,16.38
4,0.4600,0.2082,0.3318,0.00006,1,78.75
5,0.4566,0.1367,0.4067,0.00552,1,74.93
6,0.3901,0.2583,0.3516,0.00006,6,76.31
7,0.4082,0.3920,0.1998,0.00547,7,17.52
