Round,Alpha,Beta,Gamma,AvgBid,MedianWait,AvgSize
1,0.5639,0.2920,0.1442,0.00006,1,17.03
2,0.5521,0.3081,0.1399,0.00470,1,15.56
3,0.5326,0.3407,0.1267,0.00005,7,16.38
4,0.3945,0.2171,0.3884,0.00006,1,78.75
5,0.4173,0.1552,0.4275,0.00552,1,74.93
6,0.4479,0.1415,0.4106,0.00006,6,76.31
7,0.6208,0.2070,0.1723,0.00547,7,17.52
