Round,Alpha,Beta,Gamma,AvgBid,MedianWait,AvgSize
1,0.5697,0.2015,0.2289,0.00006,1,17.03
2,0.6488,0.1612,0.1900,0.00470,1,15.56
3,0.4650,0.4205,0.1145,0.00005,7,16.38
4,0.4414,0.1657,0.3929,0.00006,1,78.75
5,0.4385,0.1038,0.4576,0.00552,1,74.93
6,0.3523,0.2905,0.3571,0.00006,6,76.31
7,0.3810,0.4580,0.1611,0.00547,7,17.52
