Round,Alpha,Beta,Gamma,AvgBid,MedianWait,AvgSize
1,0.5978,0.1883,0.2139,0.00006,1,17.03
2,0.6516,0.1598,0.1886,0.00470,1,15.56
3,0.4566,0.4273,0.1161,0.00005,7,16.38
4,0.4499,0.1643,0.3858,0.00006,1,78.75
5,0.4529,0.1012,0.4459,0.00552,1,74.93
6,0.3727,0.2821,0.3452,0.00006,6,76.31
7,0.4098,0.4382,0.1520,0.00547,7,17.52
