Round,Alpha,Beta,Gamma,AvgBid,MedianWait,AvgSize
1,0.4401,0.2748,0.2851,0.00006,1,17.03
2,0.4966,0.2442,0.2592,0.00470,1,15.56
3,0.4592,0.3429,0.1979,0.00005,7,16.38
4,0.4551,0.2480,0.2968,0.00006,1,78.75
5,0.4547,0.1891,0.3561,0.00552,1,74.93
6,0.4102,0.2488,0.3410,0.00006,6,76.31
7,0.4142,0.3389,0.2468,0.00547,7,17.52
