Round,Alpha,Beta,Gamma,AvgBid,MedianWait,AvgSize
1,0.4538,0.1543,0.3919,0.00006,1,17.03
2,0.4926,0.1138,0.3937,0.00470,1,15.56
3,0.3303,0.4259,0.2438,0.00005,7,16.38
4,0.4621,0.1725,0.3654,0.00006,1,78.75
5,0.4888,0.1108,0.4004,0.00552,1,74.93
6,0.3423,0.3732,0.2844,0.00006,6,76.31
7,0.2825,0.5110,0.2065,0.00547,7,17.52
