Round,Alpha,Beta,Gamma,AvgBid,MedianWait,AvgSize
1,0.3679,0.3144,0.3177,0.00006,1,17.03
2,0.3908,0.3019,0.3073,0.00470,1,15.56
3,0.3915,0.3295,0.2790,0.00005,7,16.38
4,0.3985,0.2978,0.3037,0.00006,1,78.75
5,0.4053,0.2711,0.3236,0.00552,1,74.93
6,0.3966,0.2801,0.3233,0.00006,6,76.31
7,0.3999,0.3084,0.2917,0.00547,7,17.52
