Round,Alpha,Beta,Gamma,AvgBid,MedianWait,AvgSize
1,0.5374,0.2166,0.2461,0.00006,1,17.03
2,0.6390,0.1658,0.1952,0.00470,1,15.56
3,0.4700,0.4159,0.1142,0.00005,7,16.38
4,0.4326,0.1675,0.3999,0.00006,1,78.75
5,0.4216,0.1070,0.4714,0.00552,1,74.93
6,0.3273,0.3009,0.3718,0.00006,6,76.31
7,0.3432,0.4839,0.1729,0.00547,7,17.52
